Item Name,Category Name,SKU,HSN,Unit Name,Alert Quantity,Brand Name,Expire Date,Purchase Price,Tax Name,Tax Value,Tax Type,Sales Price,Opening Stock,Barcode,DISCOUNT TYPE,DISCOUNT,
Dove pot Shampoo-1,Cosmetic,,,pcs,,,,225.00,NA,0.00,Inclusive,245.00,3.00,,,,
Dove pot Shampoo-2,Cosmetic,,,pcs,,,,230.00,NA,0.00,Inclusive,250.00,6.00,,,,
Dove mini pack-4,Cosmetic,,,pcs,,,,3.67,NA,0.00,Inclusive,4.00,204.00,,,,
sunsilk mini pack-2,Cosmetic,,,pcs,,,,1.79,NA,0.00,Inclusive,2.00,792.00,,,,
Clear Man mini-4,Cosmetic,,,pcs,,,,3.58,NA,0.00,Inclusive,4.00,101.00,,,,
Clear Man pot,Cosmetic,,,pcs,,,,245.00,NA,0.00,Inclusive,270.00,4.00,,,,
Sensodyne paste,Cosmetic,,,pcs,,,,165.00,NA,0.00,Inclusive,180.00,2.00,,,,
Sensodyne paste,Cosmetic,,,pcs,,,,170.00,NA,0.00,Inclusive,180.00,15.00,,,,
Clini Shampo-1,Cosmetic,,,pcs,,,,0.84,NA,0.00,Inclusive,1.00,2239.00,,,,
Super White Powder-500,Cosmetic,,,Packet,,,,78.00,NA,0.00,Inclusive,85.00,38.00,,,,
Rin-500 gm,Cosmetic,,,Packet,,,,87.00,NA,0.00,Inclusive,95.00,45.00,,,,
While Powder-500 gm,Cosmetic,,,Packet,,,,65.00,NA,0.00,Inclusive,70.00,63.00,,,,
While Powder-200 gm,Cosmetic,,,Packet,,,,27.00,NA,0.00,Inclusive,30.00,139.00,,,,
Vim Liquid-500 gm,Cosmetic,,,pcs,,,,108.00,NA,0.00,Inclusive,120.00,10.00,,,,
Vim Liquid-250 gm,Cosmetic,,,pcs,,,,60.00,NA,0.00,Inclusive,65.00,6.00,,,,
Vim Powder-500 gm,Cosmetic,,,Packet,,,,37.00,NA,0.00,Inclusive,40.00,60.00,,,,
Rin-200 gm,Cosmetic,,,Packet,,,,36.00,NA,0.00,Inclusive,40.00,135.00,,,,
Vim Soap,Cosmetic,,,pcs,,,,37.00,NA,0.00,Inclusive,40.00,28.00,,,,
Dove Soap Big,Cosmetic,,,pcs,,,,160.00,NA,0.00,Inclusive,170.00,0.00,,,,
Dove Soap Small,Cosmetic,,,pcs,,,,125.00,NA,0.00,Inclusive,135.00,4.00,,,,
Dove Soap 60 gm,Cosmetic,,,pcs,,,,78.00,NA,0.00,Inclusive,90.00,24.00,,,,
Savlon Soap-75,Cosmetic,,,pcs,,,,45.00,NA,0.00,Inclusive,50.00,153.00,,,,
Sandelina Soap-75,Cosmetic,,,pcs,,,,41.00,NA,0.00,Inclusive,45.00,18.00,,,,
Dettol-75,Cosmetic,,,pcs,,,,55.00,NA,0.00,Inclusive,60.00,172.00,,,,
Lifebuoy Soap,Cosmetic,,,pcs,,,,45.00,NA,0.00,Inclusive,50.00,84.00,,,,
Meril Soap-75,Cosmetic,,,pcs,,,,48.00,NA,0.00,Inclusive,55.00,34.00,,,,
Meril Soap-100,Cosmetic,,,pcs,,,,53.00,NA,0.00,Inclusive,60.00,63.00,,,,
Chaka Ball Soap,Cosmetic,,,pcs,,,,21.00,NA,0.00,Inclusive,23.00,72.00,,,,
While Soap,Cosmetic,,,pcs,,,,27.00,NA,0.00,Inclusive,30.00,40.00,,,,
Lux Mini,Cosmetic,,,pcs,,,,13.50,NA,0.00,Inclusive,15.00,61.00,,,,
Lux Soap-100 gm,Cosmetic,,,pcs,,,,41.00,NA,0.00,Inclusive,45.00,233.00,,,,
Soap Case,Cosmetic,,,pcs,,,,13.00,NA,0.00,Inclusive,15.00,185.00,,,,
Close Up-45 gm,Cosmetic,,,pcs,,,,45.00,NA,0.00,Inclusive,50.00,199.00,,,,
Close Up-100 gm,Cosmetic,,,pcs,,,,98.00,NA,0.00,Inclusive,110.00,35.00,,,,
Cosco Soap,Cosmetic,,,pcs,,,,12.50,NA,0.00,Inclusive,14.00,48.00,,,,
Tibet Powder,Cosmetic,,,pcs,,,,48.00,NA,0.00,Inclusive,55.00,7.00,,,,
sunsilk Pot Shampo,Cosmetic,,,pcs,,,,215.00,NA,0.00,Inclusive,230.00,0.00,,,,
Lifebuoy refill,Cosmetic,,,pcs,,,,65.00,NA,0.00,Inclusive,73.00,10.00,,,,
Lifebuoy Pot,Cosmetic,,,pcs,,,,95.00,NA,0.00,Inclusive,105.00,2.00,,,,
Pepsodent 100 gm,Cosmetic,,,pcs,,,,90.00,NA,0.00,Inclusive,100.00,59.00,,,,
Pepsodent 50 gm,Cosmetic,,,pcs,,,,45.00,NA,0.00,Inclusive,50.00,68.00,,,,
Mediplus 90 gm,Cosmetic,,,pcs,,,,80.00,NA,0.00,Inclusive,90.00,27.00,,,,
Mediplus 50 gm,Cosmetic,,,pcs,,,,42.00,NA,0.00,Inclusive,48.00,6.00,,,,
Garnier Man,Cosmetic,,,pcs,,,,270.00,NA,0.00,Inclusive,300.00,4.00,,,,
Ponds Facewash 50 gm,Cosmetic,,,pcs,,,,120.00,NA,0.00,Inclusive,130.00,2.00,,,,
Parachute oil 200 gm,Cosmetic,,,pcs,,,,143.00,NA,0.00,Inclusive,155.00,7.00,,,,
Parachute oil 100 gm,Cosmetic,,,pcs,,,,80.00,NA,0.00,Inclusive,85.00,12.00,,,,
Olive Oil 100 gm,Cosmetic,,,pcs,,,,140.00,NA,0.00,Inclusive,155.00,22.00,,,,
Master Oil 80 gm,Cosmetic,,,pcs,,,,35.00,NA,0.00,Inclusive,40.00,35.00,,,,
Master Oil 250 gm,Cosmetic,,,pcs,,,,85.00,NA,0.00,Inclusive,90.00,0.00,,,,
Nivea Soft 50 gm,Cosmetic,,,pcs,,,,117.00,NA,0.00,Inclusive,130.00,17.00,,,,
Fair & Handsome 30 gm,Cosmetic,,,pcs,,,,145.00,NA,0.00,Inclusive,160.00,7.00,,,,
Surf excel 18 gm,Cosmetic,,,Packet,,,,4.42,NA,0.00,Inclusive,5.00,216.00,,,,
Dettol Liqued,Cosmetic,,,pcs,,,,50.00,NA,0.00,Inclusive,55.00,4.00,,,,
Hi Speedy Foam 470 gm,Cosmetic,,,pcs,,,,90.00,NA,0.00,Inclusive,100.00,1.00,,,,
Bleaching Powder,Cosmetic,,,Packet,,,,48.00,NA,0.00,Inclusive,55.00,29.00,,,,
Wild Stone Perfume,Cosmetic,,,pcs,,,,310.00,NA,0.00,Inclusive,350.00,5.00,,,,
Nivea Perfume,Cosmetic,,,pcs,,,,290.00,NA,0.00,Inclusive,310.00,0.00,,,,
Kool Perfume,Cosmetic,,,pcs,,,,210.00,NA,0.00,Inclusive,230.00,4.00,,,,
Lafz Perfume,Cosmetic,,,pcs,,,,170.00,NA,0.00,Inclusive,190.00,7.00,,,,
One Man Perfume,Cosmetic,,,pcs,,,,390.00,NA,0.00,Inclusive,410.00,1.00,,,,
Fogg Perfume,Cosmetic,,,pcs,,,,250.00,NA,0.00,Inclusive,280.00,4.00,,,,
KS perfume,Cosmetic,,,pcs,,,,190.00,NA,0.00,Inclusive,210.00,3.00,,,,
Blue Bird Perfume,Cosmetic,,,pcs,,,,130.00,NA,0.00,Inclusive,150.00,4.00,,,,
Hand Sanitizer-250 gm,Cosmetic,,,pcs,,Biopharma,,85.00,NA,0.00,Inclusive,100.00,15.00,,,,
Denver Perfume,Cosmetic,,,pcs,,,,265.00,NA,0.00,Inclusive,290.00,4.00,,,,
Kool Foam Small,Cosmetic,,,pcs,,,,120.00,NA,0.00,Inclusive,130.00,150.00,,,,
Kool Foam Big,Cosmetic,,,pcs,,,,185.00,NA,0.00,Inclusive,210.00,58.00,,,,
Gillette Foam Big,Cosmetic,,,pcs,,,,290.00,NA,0.00,Inclusive,305.00,0.00,,,,
Gillette Gel Foam,Cosmetic,,,pcs,,,,250.00,NA,0.00,Inclusive,270.00,3.00,,,,
Hi Speedy Foam 100 gm,Cosmetic,,,pcs,,,,145.00,NA,0.00,Inclusive,160.00,14.00,,,,
Savlon Cream,Cosmetic,,,pcs,,,,36.00,NA,0.00,Inclusive,40.00,13.00,,,,
ponds Facewash 100 gm,Cosmetic,,,pcs,,,,205.00,NA,0.00,Inclusive,220.00,15.00,,,,
Rexsona tube,Cosmetic,,,pcs,,,,150.00,NA,0.00,Inclusive,170.00,6.00,,,,
Toothbrush-25,Cosmetic,,,pcs,,,,20.00,NA,0.00,Inclusive,25.00,53.00,,,,
Toothbrush-30,Cosmetic,,,pcs,,,,25.00,NA,0.00,Inclusive,30.00,17.00,,,,
Toothbrush-40,Cosmetic,,,pcs,,,,35.00,NA,0.00,Inclusive,40.00,21.00,,,,
Toothbrush-50,Cosmetic,,,pcs,,,,45.00,NA,0.00,Inclusive,50.00,20.00,,,,
Toothbrush-85,Cosmetic,,,pcs,,,,75.00,NA,0.00,Inclusive,85.00,31.00,,,,
Blue Chomok Small,Cosmetic,,,pcs,,,,17.00,NA,0.00,Inclusive,20.00,17.00,,,,
Blue Chomok Big,Cosmetic,,,pcs,,,,26.00,NA,0.00,Inclusive,30.00,4.00,,,,
Toilet Tissue,Cosmetic,,,pcs,,,,20.00,NA,0.00,Inclusive,25.00,89.00,,,,
Messwalk,Cosmetic,,,pcs,,,,15.00,NA,0.00,Inclusive,20.00,3.00,,,,
Aina,Cosmetic,,,pcs,,,,10.00,NA,0.00,Inclusive,12.00,106.00,,,,
cherone,Cosmetic,,,pcs,,,,3.00,NA,0.00,Inclusive,5.00,99.00,,,,
Napkin Tissue,Cosmetic,,,pcs,,,,60.00,NA,0.00,Inclusive,65.00,71.00,,,,
Odonil,Cosmetic,,,pcs,,,,45.00,NA,0.00,Inclusive,50.00,6.00,,,,
Odonil,Cosmetic,,,pcs,,,,50.00,NA,0.00,Inclusive,55.00,24.00,,,,
Facial Tissue,Cosmetic,,,pcs,,,,60.00,NA,0.00,Inclusive,65.00,24.00,,,,
Kitchen Tissue,Cosmetic,,,pcs,,,,45.00,NA,0.00,Inclusive,55.00,14.00,,,,
Nivea Rexsona,Cosmetic,,,pcs,,,,170.00,NA,0.00,Inclusive,185.00,6.00,,,,
Hand Sanitizer-50 gm,Cosmetic,,,pcs,,,,55.00,NA,0.00,Inclusive,60.00,6.00,,,,
Attor,Cosmetic,,,pcs,,,,0.00,NA,0.00,Inclusive,0.00,0.00,,,,
Magic Powder,Cosmetic,,,pcs,,,,26.00,NA,0.00,Inclusive,30.00,2.00,,,,
Rubing net,Cosmetic,,,pcs,,,,25.00,NA,0.00,Inclusive,30.00,10.00,,,,
Vixsol,Cosmetic,,,pcs,,,,45.00,NA,0.00,Inclusive,55.00,15.00,,,,
cotton bird,Cosmetic,,,Packet,,,,3.00,NA,0.00,Inclusive,5.00,16.00,,,,
Harpic 500 gm,Cosmetic,,,pcs,,,,110.00,NA,0.00,Inclusive,120.00,14.00,,,,
Harpic 750 gm,Cosmetic,,,pcs,,,,143.00,NA,0.00,Inclusive,155.00,16.00,,,,
Mazone,Cosmetic,,,pcs,,,,15.00,NA,0.00,Inclusive,20.00,14.00,,,,
Gillete Guard,Cosmetic,,,pcs,,,,15.00,NA,0.00,Inclusive,16.00,224.00,,,,
Gillete Blade,Cosmetic,,,pcs,,,,13.75,NA,0.00,Inclusive,20.00,90.00,,,,
Gillete Grard Rezar,Cosmetic,,,pcs,,,,34.00,NA,0.00,Inclusive,38.00,161.00,,,,
Gillete Blue-3,Cosmetic,,,pcs,,,,48.00,NA,0.00,Inclusive,55.00,151.00,,,,
Glass Cleaner,Cosmetic,,,pcs,,,,125.00,NA,0.00,Inclusive,140.00,2.00,,,,
Arosol ACI,Cosmetic,,,pcs,,,,375.00,NA,0.00,Inclusive,400.00,8.00,,,,
Dampixer,Cosmetic,,,pcs,,,,60.00,NA,0.00,Inclusive,70.00,31.00,,,,
Phenyle,Cosmetic,,,pcs,,,,150.00,NA,0.00,Inclusive,170.00,1.00,,,,
Angelic Air Freshener-200,Cosmetic,,,pcs,,,,170.00,NA,0.00,Inclusive,200.00,4.00,,,,
Angelic Air Freshener-260,Cosmetic,,,pcs,,,,240.00,NA,0.00,Inclusive,260.00,4.00,,,,
Move ,Cosmetic,,,pcs,,,,145.00,NA,0.00,Inclusive,155.00,5.00,,,,
Meril Petrolem-50 gm,Cosmetic,,,pcs,,,,50.00,NA,0.00,Inclusive,55.00,17.00,,,,
colgate 192 gm,Cosmetic,,,pcs,,,,125.00,NA,0.00,Inclusive,140.00,19.00,,,,
colgate mini,Cosmetic,,,pcs,,,,20.00,NA,0.00,Inclusive,25.00,24.00,,,,
Schick Rezear,Cosmetic,,,pcs,,,,45.00,NA,0.00,Inclusive,50.00,93.00,,,,
Meril Revive Loation-100 gm,Cosmetic,,,pcs,,,,135.00,NA,0.00,Inclusive,150.00,24.00,,,,
Meril Revive Loation-200 gm,Cosmetic,,,pcs,,,,180.00,NA,0.00,Inclusive,200.00,24.00,,,,
Meril Lepjel Stick-40,Cosmetic,,,pcs,,,,35.00,NA,0.00,Inclusive,40.00,26.00,,,,
China Chep Stick-55,Cosmetic,,,pcs,,,,45.00,NA,0.00,Inclusive,55.00,6.00,,,,
Meril Lepjel Chep Stick-43,Cosmetic,,,pcs,,,,43.00,NA,0.00,Inclusive,50.00,26.00,,,,
Ponds Loation-100 gm,Cosmetic,,,pcs,,,,125.00,NA,0.00,Inclusive,140.00,24.00,,,,
Ponds Loation-200 gm,Cosmetic,,,pcs,,,,220.00,NA,0.00,Inclusive,240.00,12.00,,,,
Vaseline Loation 100 gm,Cosmetic,,,pcs,,,,140.00,NA,0.00,Inclusive,160.00,24.00,,,,
Vaseline Loation 200 gm,Cosmetic,,,pcs,,,,250.00,NA,0.00,Inclusive,270.00,12.00,,,,
ponds loation Mini,Cosmetic,,,pcs,,,,60.00,NA,0.00,Inclusive,65.00,12.00,,,,
Glycerin Mini,Cosmetic,,,pcs,,,,72.00,NA,0.00,Inclusive,80.00,24.00,,,,
Cute Mini,Cosmetic,,,pcs,,,,54.00,NA,0.00,Inclusive,60.00,12.00,,,,
Tibet Promet,Cosmetic,,,pcs,,,,64.00,NA,0.00,Inclusive,70.00,12.00,,,,
Vaseline Geli-15,Cosmetic,,,pcs,,,,13.00,NA,0.00,Inclusive,15.00,48.00,,,,
Odomos,Cosmetic,,,pcs,,,,115.00,NA,0.00,Inclusive,130.00,12.00,,,,
Fair & Lovely Big,Cosmetic,,,pcs,,,,145.00,NA,0.00,Inclusive,160.00,6.00,,,,
Fair & Lovely winter,Cosmetic,,,pcs,,,,155.00,NA,0.00,Inclusive,170.00,6.00,,,,
Nivea Body Spray,Cosmetic,,,pcs,,,,295.00,NA,0.00,Inclusive,320.00,6.00,,,,
Fogg Perfume-290,Cosmetic,,,pcs,,,,260.00,NA,0.00,Inclusive,290.00,6.00,,,,
Kobra Perfume,Cosmetic,,,pcs,,,,260.00,NA,0.00,Inclusive,300.00,6.00,,,,
Hadean Sholder Shampo,Cosmetic,,,pcs,,,,315.00,NA,0.00,Inclusive,380.00,6.00,,,,
sunsilk Pot Shampo Small,Cosmetic,,,pcs,,,,73.00,NA,0.00,Inclusive,80.00,6.00,,,,
Layer Shot,Cosmetic,,,pcs,,,,295.00,NA,0.00,Inclusive,320.00,4.00,,,,
Meril Vasline Small,Cosmetic,,,pcs,,,,22.00,NA,0.00,Inclusive,25.00,40.00,,,,
Metal Polish Small-1,Army Item,,,pcs,,,,155.00,NA,0.00,Inclusive,160.00,7.00,,,,
Metal Polish Small-2,Army Item,,,pcs,,,,147.00,NA,0.00,Inclusive,157.00,12.00,,,,
Metal Polish Big ,Army Item,,,pcs,,,,375.00,NA,0.00,Inclusive,400.00,10.00,,,,
Out Pass Book,Army Item,,,pcs,,,,5.50,NA,0.00,Inclusive,8.00,160.00,,,,
Belko,Army Item,,,Yard,,,,12.00,NA,0.00,Inclusive,15.00,24.00,,,,
Divsign,Army Item,,,pcs,,,,4.00,NA,0.00,Inclusive,5.00,116.00,,,,
Chotena Card,Army Item,,,pcs,,,,8.00,NA,0.00,Inclusive,10.00,11.00,,,,
Safety pin,Army Item,,,dozen,,,,10.00,NA,0.00,Inclusive,12.00,5.00,,,,
Anti cutter ,Army Item,,,pcs,,,,30.00,NA,0.00,Inclusive,38.00,20.00,,,,
Pen pot,Army Item,,,pcs,,,,23.33,NA,0.00,Inclusive,26.00,6.00,,,,
Sick Book,Army Item,,,pcs,,,,22.00,NA,0.00,Inclusive,30.00,58.00,,,,
Note Book ,Army Item,,,pcs,,,,15.00,NA,0.00,Inclusive,20.00,45.00,,,,
Welfare Book,Army Item,,,pcs,,,,22.00,NA,0.00,Inclusive,25.00,100.00,,,,
Rank Warking,Army Item,,,Pair,,,,43.00,NA,0.00,Inclusive,50.00,55.00,,,,
Rank Combat,Army Item,,,Pair,,,,35.00,NA,0.00,Inclusive,40.00,91.00,,,,
Name Tag,Army Item,,,pcs,,,,23.00,NA,0.00,Inclusive,30.00,34.00,,,,
Bootless Alastic,Army Item,,,pcs,,,,5.00,NA,0.00,Inclusive,10.00,84.00,,,,
Belt Army-2,Army Item,,,pcs,,,,140.00,NA,0.00,Inclusive,150.00,4.00,,,,
Belt Army-1,Army Item,,,pcs,,,,175.00,NA,0.00,Inclusive,190.00,3.00,,,,
Boot Polish big,Army Item,,,pcs,,,,123.00,NA,0.00,Inclusive,130.00,45.00,,,,
Boot Polish small,Army Item,,,pcs,,,,76.00,NA,0.00,Inclusive,82.00,98.00,,,,
Boot Brush,Army Item,,,pcs,,,,28.00,NA,0.00,Inclusive,35.00,71.00,,,,
Dis Identity,Army Item,,,pair,,,,20.00,NA,0.00,Inclusive,23.00,13.00,,,,
Cotton Yarn,Army Item,,,kg,,,,320.00,NA,0.00,Inclusive,350.00,6.00,,,,
Clip File,Army Item,,,pcs,,,,55.00,NA,0.00,Inclusive,60.00,1.00,,,,
cutter Blade,Army Item,,,pcs,,,,10.00,NA,0.00,Inclusive,15.00,1.00,,,,
Sena File,Army Item,,,pcs,,,,4.50,NA,0.00,Inclusive,5.00,51.00,,,,
ID Clip VIP,Army Item,,,pcs,,,,35.00,NA,0.00,Inclusive,40.00,4.00,,,,
ID Clip,Army Item,,,pcs,,,,4.00,NA,0.00,Inclusive,5.00,75.00,,,,
ID Cover Mettal,Army Item,,,pcs,,,,30.00,NA,0.00,Inclusive,35.00,127.00,,,,
ID Cover Plastic,Army Item,,,pcs,,,,22.00,NA,0.00,Inclusive,30.00,54.00,,,,
Many bag,Army Item,,,pcs,,,,65.00,NA,0.00,Inclusive,90.00,0.00,,,,
Fog Flute ,Army Item,,,pcs,,,,48.00,NA,0.00,Inclusive,55.00,3.00,,,,
Pensil,Army Item,,,pcs,,,,4.72,NA,0.00,Inclusive,5.00,40.00,,,,
pensil Cutter,Army Item,,,pcs,,,,10.00,NA,0.00,Inclusive,12.00,20.00,,,,
Art Paper,Army Item,,,pcs,,,,8.50,NA,0.00,Inclusive,10.00,30.00,,,,
White Alastic,Army Item,,,pair,,,,4.00,NA,0.00,Inclusive,5.00,155.00,,,,
Training & Fire card,Army Item,,,pcs,,,,15.00,NA,0.00,Inclusive,20.00,47.00,,,,
Snake cut rope,Army Item,,,pcs,,,,6.00,NA,0.00,Inclusive,8.00,63.00,,,,
Swing kit,Army Item,,,pcs,,,,55.00,NA,0.00,Inclusive,60.00,73.00,,,,
13 Item list,Army Item,,,pcs,,,,4.00,NA,0.00,Inclusive,5.00,76.00,,,,
Cell dressing,Army Item,,,pcs,,,,150.00,NA,0.00,Inclusive,160.00,0.00,,,,
Silled,Army Item,,,kg,,,,580.00,NA,0.00,Inclusive,610.00,0.00,,,,
cotton stick,Army Item,,,pcs,,,,240.00,NA,0.00,Inclusive,260.00,9.00,,,,
Bottle Cover,Army Item,,,pcs,,,,42.00,NA,0.00,Inclusive,50.00,2.00,,,,
Sui Suta,Army Item,,,pair,,,,14.00,NA,0.00,Inclusive,17.00,18.00,,,,
Butam set,Army Item,,,Packet,,,,6.00,NA,0.00,Inclusive,8.00,84.00,,,,
Line Bading,Army Item,,,pcs,,,,20.00,NA,0.00,Inclusive,25.00,41.00,,,,
Bad Card,Army Item,,,pcs,,,,40.00,NA,0.00,Inclusive,45.00,0.00,,,,
Barrett Cap,Army Item,,,pcs,,,,120.00,NA,0.00,Inclusive,140.00,18.00,,,,
Ribon,Army Item,,,pcs,,,,4.00,NA,0.00,Inclusive,5.00,51.00,,,,
Gimme,Army Item,,,pcs,,,,28.00,NA,0.00,Inclusive,35.00,22.00,,,,
Docu Cover,Army Item,,,pcs,,,,22.00,NA,0.00,Inclusive,30.00,30.00,,,,
Medal 50 Yrs,Army Item,,,pcs,,,,120.00,NA,0.00,Inclusive,130.00,15.00,,,,
Bootless,Army Item,,,pcs,,,,6.00,NA,0.00,Inclusive,10.00,51.00,,,,
Mestine,Army Item,,,pcs,,,,280.00,NA,0.00,Inclusive,300.00,7.00,,,,
Army Mog,Army Item,,,pcs,,,,60.00,NA,0.00,Inclusive,70.00,68.00,,,,
ID Cover Normal,Army Item,,,pcs,,,,7.00,NA,0.00,Inclusive,10.00,29.00,,,,
Jhola,Army Item,,,pcs,,,,430.00,NA,0.00,Inclusive,450.00,5.00,,,,
Cap For Namaz-80,Stationery,,,pcs,,,,70.00,NA,0.00,Inclusive,80.00,11.00,,,,
Cap For Namaz-35,Stationery,,,pcs,,,,32.00,NA,0.00,Inclusive,35.00,7.00,,,,
Quran Sharif,Stationery,,,pcs,,,,360.00,NA,0.00,Inclusive,390.00,5.00,,,,
Jainamaz-550,Stationery,,,pcs,,,,500.00,NA,0.00,Inclusive,550.00,2.00,,,,
Jainamaz-460,Stationery,,,pcs,,,,425.00,NA,0.00,Inclusive,460.00,4.00,,,,
Lock 25 mm,Stationery,,,pcs,,,,35.00,NA,0.00,Inclusive,40.00,24.00,,,,
Lock 32 mm,Stationery,,,pcs,,,,48.00,NA,0.00,Inclusive,50.00,13.00,,,,
Lock 38 mm,Stationery,,,pcs,,,,55.00,NA,0.00,Inclusive,60.00,16.00,,,,
Steel Scale,Stationery,,,pcs,,,,18.33,NA,0.00,Inclusive,30.00,20.00,,,,
Clip Board-100,Stationery,,,pcs,,,,90.00,NA,0.00,Inclusive,100.00,3.00,,,,
Clip Board-70,Stationery,,,pcs,,,,65.00,NA,0.00,Inclusive,70.00,5.00,,,,
Super Glue,Stationery,,,pcs,,,,16.00,NA,0.00,Inclusive,20.00,14.00,,,,
Talk Paper,Stationery,,,pcs,,,,52.00,NA,0.00,Inclusive,60.00,95.00,,,,
Eraser,Stationery,,,pcs,,,,4.00,NA,0.00,Inclusive,5.00,43.00,,,,
40 No Register,Stationery,,,pcs,,,,91.67,NA,0.00,Inclusive,100.00,11.00,,,,
Half Register,Stationery,,,pcs,,,,46.00,NA,0.00,Inclusive,50.00,109.00,,,,
pensil buttery-20,Stationery,,,pcs,,,,15.00,NA,0.00,Inclusive,20.00,31.00,,,,
pensil buttery-175,Stationery,,,pcs,,,,170.00,NA,0.00,Inclusive,70.00,0.00,,,,
pensil buttery-130,Stationery,,,pcs,,,,123.00,NA,0.00,Inclusive,130.00,6.00,,,,
Remote Battery,Stationery,,,pcs,,,,25.00,NA,0.00,Inclusive,30.00,10.00,,,,
Mom bati,Stationery,,,pcs,,,,8.00,NA,0.00,Inclusive,10.00,48.00,,,,
Solar Zaru-120,Stationery,,,pcs,,,,110.00,NA,0.00,Inclusive,120.00,18.00,,,,
Solar Zaru-150,Stationery,,,pcs,,,,45.00,NA,0.00,Inclusive,50.00,5.00,,,,
Fuler Zaru,Stationery,,,pcs,,,,70.00,NA,0.00,Inclusive,80.00,0.00,,,,
Lighter,Stationery,,,pcs,,,,13.00,NA,0.00,Inclusive,15.00,79.00,,,,
Black Tape,Stationery,,,pcs,,,,15.00,NA,0.00,Inclusive,20.00,14.00,,,,
Red Tape,Stationery,,,pcs,,,,14.00,NA,0.00,Inclusive,20.00,19.00,,,,
Water Tape,Stationery,,,pcs,,,,25.00,NA,0.00,Inclusive,30.00,5.00,,,,
Khaki Tape,Stationery,,,pcs,,,,25.00,NA,0.00,Inclusive,30.00,17.00,,,,
Bainding Tape,Stationery,,,pcs,,,,28.00,NA,0.00,Inclusive,30.00,25.00,,,,
Costep-10,Stationery,,,pcs,,,,6.00,NA,0.00,Inclusive,10.00,18.00,,,,
Nail Cutter,Stationery,,,pcs,,,,25.00,NA,0.00,Inclusive,40.00,0.00,,,,
Key Ring,Stationery,,,pcs,,,,14.00,NA,0.00,Inclusive,18.00,16.00,,,,
Board duster,Stationery,,,pcs,,,,10.83,NA,0.00,Inclusive,18.83,14.00,,,,
Threat Ball,Stationery,,,pcs,,,,5.00,NA,0.00,Inclusive,10.00,1.00,,,,
Punch File TX,Stationery,,,pcs,,,,15.28,NA,0.00,Inclusive,20.00,5.00,,,,
Text Marker,Stationery,,,pcs,,,,28.50,NA,0.00,Inclusive,35.00,6.00,,,,
Aika Gum,Stationery,,,pcs,,,,7.50,NA,0.00,Inclusive,10.00,20.00,,,,
Pen Black,Stationery,,,pcs,,,,4.28,NA,0.00,Inclusive,5.00,155.00,,,,
Pen Red,Stationery,,,pcs,,,,4.75,NA,0.00,Inclusive,5.00,11.00,,,,
Stick Gum,Stationery,,,pcs,,,,10.00,NA,0.00,Inclusive,15.00,71.00,,,,
Cosmetic Bag,Stationery,,,pcs,,,,110.00,NA,0.00,Inclusive,125.00,1.00,,,,
Rough Book-50,Stationery,,,pcs,,,,41.00,NA,0.00,Inclusive,50.00,31.00,,,,
24 No Register,Stationery,,,pcs,,,,62.50,NA,0.00,Inclusive,70.00,13.00,,,,
Mom Normal,Stationery,,,KG,,,,320.00,NA,0.00,Inclusive,360.00,13.00,,,,
Signal Paper,Stationery,,,pcs,,,,3.80,NA,0.00,Inclusive,5.00,184.00,,,,
Correction Pen,Stationery,,,pcs,,,,33.33,NA,0.00,Inclusive,40.00,7.00,,,,
Gel Pen,Stationery,,,pcs,,,,11.67,NA,0.00,Inclusive,12.00,7.00,,,,
24 Wire,Stationery,,,pcs,,,,166.00,NA,0.00,Inclusive,170.00,1.00,,,,
A4 Size Paper,Stationery,,,Rim,,,,390.00,NA,0.00,Inclusive,430.00,0.00,,,,
Legal Paper,Stationery,,,Rim,,,,490.00,NA,0.00,Inclusive,530.00,1.00,,,,
Plastic Scale,Stationery,,,pcs,,,,6.00,NA,0.00,Inclusive,10.00,5.00,,,,
Stapler Pin Small,Stationery,,,Box,,,,12.00,NA,0.00,Inclusive,15.00,3.00,,,,
Stapler pin Big,Stationery,,,Box,,,,17.50,NA,0.00,Inclusive,22.00,17.00,,,,
Stapler Matching small,Stationery,,,pcs,,,,35.00,NA,0.00,Inclusive,40.00,11.00,,,,
Spray pen,Stationery,,,pcs,,,,40.00,NA,0.00,Inclusive,45.00,2.00,,,,
Master Coil-45,Stationery,,,Box,,,,40.00,NA,0.00,Inclusive,45.00,88.00,,,,
Hanger-25,Stationery,,,pic,,,,20.00,NA,0.00,Inclusive,25.00,82.00,,,,
Hanger-20,Stationery,,,pic,,,,16.00,NA,0.00,Inclusive,20.00,7.00,,,,
White Board Marker,Stationery,,,pic,,,,16.67,NA,0.00,Inclusive,25.00,28.00,,,,
CD Marker,Stationery,,,pic,,,,13.33,NA,0.00,Inclusive,20.00,17.00,,,,
Kechi,Stationery,,,pic,,,,25.00,NA,0.00,Inclusive,30.00,2.00,,,,
Permanent Marker,Stationery,,,pic,,,,15.83,NA,0.00,Inclusive,20.00,18.00,,,,
Toilet Brush,Stationery,,,pcs,,,,45.00,NA,0.00,Inclusive,50.00,12.00,,,,
Combat Genji,Garments,,,pic,,,,75.00,NA,0.00,Inclusive,85.00,40.00,,,,
Civil Pant,Garments,,,pic,,,,90.00,NA,0.00,Inclusive,100.00,1.00,,,,
VIP Colur Genji,Garments,,,pic,,,,190.00,NA,0.00,Inclusive,220.00,17.00,,,,
Mask Kapor,Garments,,,pic,,,,35.00,NA,0.00,Inclusive,40.00,74.00,,,,
Underwear China-130,Garments,,,pic,,,,115.00,NA,0.00,Inclusive,130.00,14.00,,,,
Black Moja Civil,Garments,,,pic,,,,45.00,NA,0.00,Inclusive,50.00,5.00,,,,
Black Moja Civil,Garments,,,pic,,,,40.00,NA,0.00,Inclusive,48.00,40.00,,,,
White Romal,Garments,,,pic,,,,8.00,NA,0.00,Inclusive,10.00,127.00,,,,
Towel Civil,Garments,,,pic,,,,105.00,NA,0.00,Inclusive,120.00,9.00,,,,
BD Army Genji,Garments,,,pic,,,,130.00,NA,0.00,Inclusive,15.00,0.00,,,,
Child Genji,Garments,,,pic,,,,105.00,NA,0.00,Inclusive,120.00,29.00,,,,
BD Army Chest,Garments,,,pic,,,,90.00,NA,0.00,Inclusive,120.00,3.00,,,,
Underwear China-180,Garments,,,pic,,,,165.00,NA,0.00,Inclusive,180.00,74.00,,,,
Khadi Punjabi,Garments,,,pic,,,,480.00,NA,0.00,Inclusive,600.00,11.00,,,,
Tissue Genji,Garments,,,pic,,,,175.00,NA,0.00,Inclusive,190.00,19.00,,,,
Romal-20,Garments,,,pic,,,,16.00,NA,0.00,Inclusive,20.00,4.00,,,,
Lungi,Garments,,,pic,,,,350.00,NA,0.00,Inclusive,380.00,6.00,,,,
Army Gul Gola,Garments,,,pic,,,,160.00,NA,0.00,Inclusive,180.00,20.00,,,,
Ful Hata Genji Winter,Garments,,,pcs,,,,250.00,NA,0.00,Inclusive,280.00,24.00,,,,
Ful Hata Genji,Garments,,,pcs,,,,240.00,NA,0.00,Inclusive,270.00,24.00,,,,
55 Div Genji,Garments,,,pcs,,,,220.00,NA,0.00,Inclusive,260.00,36.00,,,,
Sena Toile,Garments,,,pic,,,,100.00,NA,0.00,Inclusive,110.00,17.00,,,,
Long Muja,Garments,,,pic,,,,70.00,NA,0.00,Inclusive,75.00,46.00,,,,
 Hand Muja White,Garments,,,pic,,,,35.00,NA,0.00,Inclusive,40.00,8.00,,,,
Mujz Short Army,Garments,,,pic,,,,40.00,NA,0.00,Inclusive,50.00,29.00,,,,
Civil Muja,Garments,,,pic,,,,39.00,NA,0.00,Inclusive,45.00,4.00,,,,
Black Muja Army,Garments,,,pic,,,,40.00,NA,0.00,Inclusive,45.00,5.00,,,,
Mask Surgical-80,Garments,,,Box,,,,65.00,NA,0.00,Inclusive,80.00,15.00,,,,
Mask Surgical-100,Garments,,,Box,,,,85.00,NA,0.00,Inclusive,100.00,6.00,,,,
Paijama,Garments,,,pcs,,,,250.00,NA,0.00,Inclusive,300.00,3.00,,,,
Punjabi-600,Garments,,,pcs,,,,470.00,NA,0.00,Inclusive,600.00,0.00,,,,
Punjabi-800,Garments,,,pcs,,,,620.00,NA,0.00,Inclusive,800.00,5.00,,,,
Panjabi-900,Garments,,,pcs,,,,750.00,NA,0.00,Inclusive,900.00,2.00,,,,
White Genji Army,Garments,,,pcs,,,,75.00,NA,0.00,Inclusive,85.00,24.00,,,,
Underwear Army,Garments,,,pcs,,,,43.00,NA,0.00,Inclusive,50.00,27.00,,,,
Half Sarkari,Garments,,,pcs,,,,128.00,NA,0.00,Inclusive,140.00,2.00,,,,
Half pant Sorkari,Garments,,,pcs,,,,120.00,NA,0.00,Inclusive,135.00,16.00,,,,
London Boy Civil,Garments,,,pcs,,,,95.00,NA,0.00,Inclusive,110.00,10.00,,,,
Dada Genji,Garments,,,pcs,,,,120.00,NA,0.00,Inclusive,130.00,4.00,,,,
OR Saline,Drink Item,,,Box,,,,128.00,NA,0.00,Inclusive,140.00,93.00,,,,
Glucose,Drink Item,,,pcs,,,,130.00,NA,0.00,Inclusive,145.00,15.00,,,,
Pulse Chocolate,Drink Item,,,pcs,,,,1.50,NA,0.00,Inclusive,2.00,230.00,,,,
Promi Tang,Drink Item,,,pcs,,,,36.67,NA,0.00,Inclusive,50.00,37.00,,,,
Mango Chocolate,Drink Item,,,pcs,,,,0.80,NA,0.00,Inclusive,1.00,192.00,,,,
Horlicks,Drink Item,,,pcs,,,,400.00,NA,0.00,Inclusive,410.00,13.00,,,,50
Black Cigarettes,Drink Item,,,Packet,,,,112.00,NA,0.00,Inclusive,120.00,27.00,,,,
Benson Cigarettes,Drink Item,,,Packet,,,,308.00,NA,0.00,Inclusive,330.00,87.00,,,,
ORIS Cigareattes-1,Drink Item,,,Packet,,,,199.00,NA,0.00,Inclusive,210.00,13.00,,,,
ORIS Cigareattes-2,Drink Item,,,Packet,,,,182.00,NA,0.00,Inclusive,190.00,20.00,,,,
Lucky Cigareattes,Drink Item,,,Packet,,,,167.50,NA,0.00,Inclusive,180.00,62.00,,,,
Derby Cigareattes,Drink Item,,,Packet,,,,44.00,NA,0.00,Inclusive,48.00,231.00,,,,
Gold Leaf Cigareattes,Drink Item,,,Packet,,,,235.00,NA,0.00,Inclusive,250.00,96.00,,,,
Mond Cigareattes,Drink Item,,,Packet,,,,95.00,NA,0.00,Inclusive,105.00,13.00,,,,
Mond Cigareattes,Drink Item,,,Packet,,,,92.00,NA,0.00,Inclusive,105.00,30.00,,,,
Royals Cigareattes,Drink Item,,,Packet,,,,53.85,NA,0.00,Inclusive,60.00,200.00,,,,
Camel Cigareattes,Drink Item,,,Packet,,,,130.00,NA,0.00,Inclusive,142.00,40.00,,,,
FireBox,Drink Item,,,pic,,,,1.67,NA,0.00,Inclusive,2.00,17.00,,,,
Pan mosla,Drink Item,,,pic,,,,2.29,NA,0.00,Inclusive,3.00,61.00,,,,
SMC Fruity,Drink Item,,,Box,,,,115.00,NA,0.00,Inclusive,130.00,29.00,,,,
Modhu Makhna 500 gm,Drink Item,,,pic,,,,320.00,NA,0.00,Inclusive,370.00,0.00,,,,
Modhu Mitha 500 gm,Drink Item,,,pic,,,,280.00,NA,0.00,Inclusive,320.00,2.00,,,,
Modhu Kash 500 gm,Drink Item,,,pic,,,,180.00,NA,0.00,Inclusive,220.00,5.00,,,,
Modhu Kash 250 gm,Drink Item,,,pic,,,,130.00,NA,0.00,Inclusive,150.00,5.00,,,,
Modhu Kash 100 gm,Drink Item,,,pic,,,,60.00,NA,0.00,Inclusive,80.00,9.00,,,,